<?xml version="1.0" encoding="UTF-8"?>
<project-private xmlns="http://www.netbeans.org/ns/project-private/1">
    <editor-bookmarks xmlns="http://www.netbeans.org/ns/editor-bookmarks/2" lastBookmarkId="0"/>
    <open-files xmlns="http://www.netbeans.org/ns/projectui-open-files/2">
        <group>
            <file>file:/C:/xampp/htdocs/ayushakti/wp-content/themes/chocolate/footer.php</file>
            <file>file:/C:/xampp/htdocs/ayushakti/wp-content/themes/chocolate/inc/api.php</file>
            <file>file:/C:/xampp/htdocs/ayushakti/wp-content/themes/chocolate/inc/stringConversion.php</file>
            <file>file:/C:/xampp/htdocs/ayushakti/wp-content/themes/chocolate/page-register.php</file>
            <file>file:/C:/xampp/htdocs/ayushakti/wp-content/themes/chocolate/js/ng-custom/login-register.js</file>
            <file>file:/C:/xampp/htdocs/ayushakti/wp-content/themes/chocolate/page-diseases.php</file>
        </group>
    </open-files>
</project-private>
